{}
{"mode": "train", "epoch": 1, "iter": 10, "lr": 0.0098, "memory": 3768, "data_time": 0.03977, "decode.loss_ce": 1.51177, "decode.acc_seg": 53.07119, "aux.loss_ce": 0.68983, "aux.acc_seg": 35.96548, "loss": 2.2016, "time": 0.81581}
{"mode": "train", "epoch": 1, "iter": 20, "lr": 0.00958, "memory": 3768, "data_time": 0.00816, "decode.loss_ce": 0.83472, "decode.acc_seg": 71.65609, "aux.loss_ce": 0.4866, "aux.acc_seg": 66.61035, "loss": 1.32133, "time": 0.53556}
{"mode": "train", "epoch": 1, "iter": 30, "lr": 0.00935, "memory": 3768, "data_time": 0.00822, "decode.loss_ce": 0.62734, "decode.acc_seg": 78.38455, "aux.loss_ce": 0.35398, "aux.acc_seg": 74.45565, "loss": 0.98131, "time": 0.53907}
{"mode": "train", "epoch": 1, "iter": 40, "lr": 0.00913, "memory": 3768, "data_time": 0.00821, "decode.loss_ce": 0.55706, "decode.acc_seg": 78.95593, "aux.loss_ce": 0.28219, "aux.acc_seg": 77.69692, "loss": 0.83924, "time": 0.54232}
{"mode": "train", "epoch": 1, "iter": 50, "lr": 0.0089, "memory": 3768, "data_time": 0.00977, "decode.loss_ce": 0.63255, "decode.acc_seg": 76.0658, "aux.loss_ce": 0.3037, "aux.acc_seg": 72.83259, "loss": 0.93625, "time": 0.54512}
{"mode": "train", "epoch": 1, "iter": 60, "lr": 0.00868, "memory": 3768, "data_time": 0.01239, "decode.loss_ce": 0.73394, "decode.acc_seg": 71.73502, "aux.loss_ce": 0.3256, "aux.acc_seg": 70.79711, "loss": 1.05954, "time": 0.54971}
{"mode": "train", "epoch": 1, "iter": 70, "lr": 0.00845, "memory": 3768, "data_time": 0.0085, "decode.loss_ce": 0.72378, "decode.acc_seg": 74.53628, "aux.loss_ce": 0.3096, "aux.acc_seg": 72.11635, "loss": 1.03338, "time": 0.54982}
{"mode": "train", "epoch": 2, "iter": 80, "lr": 0.00822, "memory": 3768, "data_time": 0.24456, "decode.loss_ce": 0.63595, "decode.acc_seg": 75.55954, "aux.loss_ce": 0.28322, "aux.acc_seg": 74.15779, "loss": 0.91917, "time": 0.80082}
{"mode": "train", "epoch": 2, "iter": 90, "lr": 0.00799, "memory": 3768, "data_time": 0.00857, "decode.loss_ce": 0.62433, "decode.acc_seg": 75.78682, "aux.loss_ce": 0.27408, "aux.acc_seg": 73.59135, "loss": 0.89841, "time": 0.55446}
{"mode": "train", "epoch": 2, "iter": 100, "lr": 0.00776, "memory": 3768, "data_time": 0.00917, "decode.loss_ce": 0.56981, "decode.acc_seg": 77.2854, "aux.loss_ce": 0.25846, "aux.acc_seg": 75.61234, "loss": 0.82827, "time": 0.55894}
{"mode": "train", "epoch": 2, "iter": 110, "lr": 0.00754, "memory": 3768, "data_time": 0.00823, "decode.loss_ce": 0.63632, "decode.acc_seg": 75.98464, "aux.loss_ce": 0.28165, "aux.acc_seg": 75.15701, "loss": 0.91797, "time": 0.56153}
{"mode": "train", "epoch": 2, "iter": 120, "lr": 0.0073, "memory": 3768, "data_time": 0.00891, "decode.loss_ce": 0.58031, "decode.acc_seg": 77.68375, "aux.loss_ce": 0.25865, "aux.acc_seg": 77.14094, "loss": 0.83896, "time": 0.56348}
{"mode": "train", "epoch": 2, "iter": 130, "lr": 0.00707, "memory": 3768, "data_time": 0.00843, "decode.loss_ce": 0.54498, "decode.acc_seg": 80.12696, "aux.loss_ce": 0.24925, "aux.acc_seg": 77.22739, "loss": 0.79423, "time": 0.56192}
{"mode": "train", "epoch": 2, "iter": 140, "lr": 0.00684, "memory": 3768, "data_time": 0.00846, "decode.loss_ce": 0.4549, "decode.acc_seg": 82.22159, "aux.loss_ce": 0.22656, "aux.acc_seg": 80.14405, "loss": 0.68146, "time": 0.55785}
{"mode": "train", "epoch": 3, "iter": 150, "lr": 0.00661, "memory": 3768, "data_time": 0.24154, "decode.loss_ce": 0.56006, "decode.acc_seg": 79.68477, "aux.loss_ce": 0.25744, "aux.acc_seg": 76.24314, "loss": 0.8175, "time": 0.79669}
{"mode": "train", "epoch": 3, "iter": 160, "lr": 0.00637, "memory": 3768, "data_time": 0.00829, "decode.loss_ce": 0.46432, "decode.acc_seg": 82.72364, "aux.loss_ce": 0.20846, "aux.acc_seg": 81.40093, "loss": 0.67278, "time": 0.55045}
{"mode": "train", "epoch": 3, "iter": 170, "lr": 0.00614, "memory": 3768, "data_time": 0.00828, "decode.loss_ce": 0.45738, "decode.acc_seg": 83.33505, "aux.loss_ce": 0.20482, "aux.acc_seg": 82.17928, "loss": 0.6622, "time": 0.54946}
{"mode": "train", "epoch": 3, "iter": 180, "lr": 0.0059, "memory": 3768, "data_time": 0.00825, "decode.loss_ce": 0.55509, "decode.acc_seg": 78.53209, "aux.loss_ce": 0.25707, "aux.acc_seg": 75.13456, "loss": 0.81216, "time": 0.55079}
{"mode": "train", "epoch": 3, "iter": 190, "lr": 0.00567, "memory": 3768, "data_time": 0.00855, "decode.loss_ce": 0.47532, "decode.acc_seg": 80.86551, "aux.loss_ce": 0.20842, "aux.acc_seg": 79.87508, "loss": 0.68374, "time": 0.55006}
{"mode": "train", "epoch": 3, "iter": 200, "lr": 0.00543, "memory": 3768, "data_time": 0.00852, "decode.loss_ce": 0.3915, "decode.acc_seg": 84.4834, "aux.loss_ce": 0.18596, "aux.acc_seg": 83.35191, "loss": 0.57746, "time": 0.80877}
{"mode": "val", "epoch": 3, "iter": 143, "lr": 0.00543, "aAcc": 0.8407, "mIoU": 0.6477, "mAcc": 0.7485, "IoU.sky": 0.8839, "IoU.tree": 0.6887, "IoU.road": 0.8159, "IoU.grass": 0.666, "IoU.water": 0.7068, "IoU.bldg": 0.7463, "IoU.mntn": 0.0978, "IoU.fg obj": 0.5762, "Acc.sky": 0.9432, "Acc.tree": 0.8016, "Acc.road": 0.8712, "Acc.grass": 0.7593, "Acc.water": 0.8215, "Acc.bldg": 0.882, "Acc.mntn": 0.1089, "Acc.fg obj": 0.8005}
{"mode": "train", "epoch": 3, "iter": 210, "lr": 0.00519, "memory": 3768, "data_time": 0.6498, "decode.loss_ce": 0.4413, "decode.acc_seg": 83.4738, "aux.loss_ce": 0.21178, "aux.acc_seg": 80.58649, "loss": 0.65308, "time": 1.19046}
{"mode": "train", "epoch": 4, "iter": 220, "lr": 0.00495, "memory": 3768, "data_time": 0.253, "decode.loss_ce": 0.47569, "decode.acc_seg": 83.13475, "aux.loss_ce": 0.22277, "aux.acc_seg": 81.03054, "loss": 0.69845, "time": 0.80667}
{"mode": "train", "epoch": 4, "iter": 230, "lr": 0.00471, "memory": 3768, "data_time": 0.0083, "decode.loss_ce": 0.40515, "decode.acc_seg": 84.34244, "aux.loss_ce": 0.19356, "aux.acc_seg": 82.11802, "loss": 0.59871, "time": 0.55424}
{"mode": "train", "epoch": 4, "iter": 240, "lr": 0.00446, "memory": 3768, "data_time": 0.00832, "decode.loss_ce": 0.4087, "decode.acc_seg": 84.24569, "aux.loss_ce": 0.20013, "aux.acc_seg": 81.5274, "loss": 0.60883, "time": 0.55805}
{"mode": "train", "epoch": 4, "iter": 250, "lr": 0.00422, "memory": 3768, "data_time": 0.00851, "decode.loss_ce": 0.45507, "decode.acc_seg": 82.79991, "aux.loss_ce": 0.21137, "aux.acc_seg": 80.00154, "loss": 0.66645, "time": 0.5585}
{"mode": "train", "epoch": 4, "iter": 260, "lr": 0.00397, "memory": 3768, "data_time": 0.00837, "decode.loss_ce": 0.42384, "decode.acc_seg": 84.64316, "aux.loss_ce": 0.19436, "aux.acc_seg": 82.44553, "loss": 0.6182, "time": 0.5565}
{"mode": "train", "epoch": 4, "iter": 270, "lr": 0.00373, "memory": 3768, "data_time": 0.00882, "decode.loss_ce": 0.39373, "decode.acc_seg": 85.93761, "aux.loss_ce": 0.1902, "aux.acc_seg": 83.13418, "loss": 0.58393, "time": 0.55534}
{"mode": "train", "epoch": 4, "iter": 280, "lr": 0.00348, "memory": 3768, "data_time": 0.00839, "decode.loss_ce": 0.45478, "decode.acc_seg": 82.86006, "aux.loss_ce": 0.21666, "aux.acc_seg": 80.88108, "loss": 0.67144, "time": 0.55275}
{"mode": "train", "epoch": 5, "iter": 290, "lr": 0.00322, "memory": 3768, "data_time": 0.24832, "decode.loss_ce": 0.40038, "decode.acc_seg": 85.24669, "aux.loss_ce": 0.19276, "aux.acc_seg": 82.21591, "loss": 0.59313, "time": 0.80198}
{"mode": "train", "epoch": 5, "iter": 300, "lr": 0.00297, "memory": 3768, "data_time": 0.00833, "decode.loss_ce": 0.37685, "decode.acc_seg": 85.25226, "aux.loss_ce": 0.17241, "aux.acc_seg": 84.12584, "loss": 0.54926, "time": 0.54894}
{"mode": "train", "epoch": 5, "iter": 310, "lr": 0.00271, "memory": 3768, "data_time": 0.00848, "decode.loss_ce": 0.36338, "decode.acc_seg": 85.61574, "aux.loss_ce": 0.18767, "aux.acc_seg": 82.81711, "loss": 0.55106, "time": 0.54953}
{"mode": "train", "epoch": 5, "iter": 320, "lr": 0.00245, "memory": 3768, "data_time": 0.00838, "decode.loss_ce": 0.33578, "decode.acc_seg": 87.158, "aux.loss_ce": 0.16219, "aux.acc_seg": 85.54321, "loss": 0.49797, "time": 0.54965}
{"mode": "train", "epoch": 5, "iter": 330, "lr": 0.00219, "memory": 3768, "data_time": 0.00837,